user_id,book_title,rating
91,The Power of Habit,1.4
48,The Odyssey,3.9
21,The Prince,2.0
58,Where the Crawdads Sing,4.4
49,Becoming,4.0
15,The Shining,1.7
84,Slaughterhouse-Five,3.2
94,Slaughterhouse-Five,4.5
10,The Night Circus,1.5
40,War and Peace,1.1
14,A Tale of Two Cities,3.2
28,No Country for Old Men,4.6
94,Digital Minimalism,2.9
89,Moby Dick,2.0
42,A Tale of Two Cities,1.3
25,Harry Potter and the Sorcerer's Stone,3.0
79,Great Expectations,2.9
1,The Iliad,1.2
61,To Kill a Mockingbird,4.2
63,Educated,4.4
1,The Iliad,1.3
50,Think and Grow Rich,3.6
55,The Four Agreements,3.3
14,Sapiens,4.9
93,Drive,1.5
3,The Prince,1.2
23,Homo Deus,3.2
21,A Tale of Two Cities,4.1
49,Things Fall Apart,1.6
31,Love in the Time of Cholera,4.2
31,Make Your Bed,1.4
60,Dune,2.4
8,Fahrenheit 451,3.0
78,The Great Gatsby,2.4
92,The Body Keeps the Score,1.8
44,The Prince,3.2
33,Project Hail Mary,1.8
48,Project Hail Mary,1.9
26,Project Hail Mary,3.9
22,The Prince,3.4
83,Ender's Game,1.7
13,A Tale of Two Cities,2.6
22,The Four Agreements,4.5
38,Outliers,4.9
12,Frankenstein,2.5
43,Dracula,2.5
66,The Shining,2.5
3,Start with Why,4.2
82,Anna Karenina,2.4
81,Becoming,1.5
52,Project Hail Mary,4.2
9,The Book Thief,3.2
52,The Fault in Our Stars,2.6
57,The Goldfinch,3.3
14,Dracula,1.7
68,The Intelligent Investor,3.3
97,Think and Grow Rich,4.5
14,"Thinking, Fast and Slow",1.4
62,The Help,1.1
99,The Silent Patient,1.7
75,Invisible Man,4.2
72,Twilight,3.8
68,The Book Thief,2.4
72,To Kill a Mockingbird,2.3
21,Daring Greatly,2.0
83,One Hundred Years of Solitude,4.3
87,No Country for Old Men,3.2
39,Fahrenheit 451,4.0
44,Beloved,1.1
48,Little Women,3.2
12,The Road,3.8
80,The Night Circus,4.5
55,The Hobbit,4.9
32,The Odyssey,3.1
65,The Da Vinci Code,2.0
59,The Shining,4.5
33,Les Misérables,1.6
85,Frankenstein,3.5
49,Beloved,3.6
69,The Subtle Art of Not Giving a F*ck,3.2
44,Flow,2.6
34,The Help,3.4
56,The Count of Monte Cristo,4.6
53,The Help,1.1
21,The Stand,4.7
54,The Lord of the Rings,4.7
57,Frankenstein,4.0
27,The Midnight Library,1.4
94,Meditations,3.1
19,Dracula,2.0
80,Start with Why,3.7
21,The Body Keeps the Score,3.9
34,The Picture of Dorian Gray,1.8
84,The Count of Monte Cristo,3.6
49,The Great Gatsby,4.9
56,Deep Work,1.1
48,Mindset,2.4
59,Wuthering Heights,4.1
29,Blink,2.3
73,The Power of Habit,4.1
8,The Prince,4.6
9,The Stand,2.1
80,12 Rules for Life,2.6
75,Don Quixote,1.4
23,Twilight,3.8
92,The Art of War,4.5
16,Flow,2.3
16,Ender's Game,2.3
79,Meditations,3.8
39,Twilight,3.4
51,The Alchemist,3.8
70,The Girl with the Dragon Tattoo,4.7
83,Anna Karenina,4.9
18,Harry Potter and the Sorcerer's Stone,2.7
82,The Subtle Art of Not Giving a F*ck,2.3
24,War and Peace,1.4
2,The Catcher in the Rye,3.4
58,The Hobbit,3.8
95,Don Quixote,3.7
27,The Midnight Library,3.7
58,Anna Karenina,2.0
56,Can't Hurt Me,3.5
9,Atomic Habits,5.0
30,One Hundred Years of Solitude,2.8
24,Memoirs of a Geisha,4.3
72,Mindset,3.6
6,Blink,3.4
93,To Kill a Mockingbird,2.6
18,Rich Dad Poor Dad,3.7
21,The Intelligent Investor,3.0
36,The Shining,4.8
66,Atomic Habits,3.2
34,Start with Why,1.6
97,The Hunger Games,1.6
32,The Giver,2.6
91,Flow,4.1
8,No Country for Old Men,3.5
22,The Body Keeps the Score,2.9
85,Can't Hurt Me,3.4
100,The Catcher in the Rye,1.7
40,Outliers,3.8
43,Meditations,4.8
12,12 Rules for Life,4.8
98,Little Women,4.4
18,Ender's Game,1.5
32,Quiet,1.8
92,The Four Agreements,2.8
66,The Four Agreements,2.9
12,Drive,4.1
98,It,1.4
54,Anna Karenina,4.4
58,The Odyssey,3.2
5,The Book Thief,4.4
67,Love in the Time of Cholera,2.1
51,12 Rules for Life,2.7
59,Sapiens,4.8
1,One Hundred Years of Solitude,4.5
54,No Country for Old Men,3.0
17,The Stand,4.3
24,Memoirs of a Geisha,2.1
5,Wuthering Heights,4.6
56,Crime and Punishment,3.4
81,Frankenstein,3.9
6,Sapiens,1.8
63,Where the Crawdads Sing,4.4
80,The Goldfinch,2.1
54,Dracula,2.1
73,Twilight,5.0
30,Deep Work,2.6
1,Digital Minimalism,4.0
46,The 7 Habits of Highly Effective People,1.9
76,The Stand,4.4
79,The Night Circus,1.4
89,Deep Work,3.1
94,Think and Grow Rich,3.5
83,The Giver,2.7
53,A Man Called Ove,3.0
19,The Great Gatsby,2.5
6,Memoirs of a Geisha,4.5
10,Think and Grow Rich,4.8
60,Beloved,1.2
14,Don Quixote,2.8
22,The Power of Habit,4.9
38,Pride and Prejudice,2.4
31,The Odyssey,4.2
26,Sapiens,2.9
38,The Lord of the Rings,1.2
75,Great Expectations,1.4
97,The Prince,3.1
25,The Gifts of Imperfection,4.1
39,Man's Search for Meaning,2.4
58,The Midnight Library,2.8
95,Dracula,3.3
96,Drive,4.9
60,Mindset,4.3
71,Becoming,1.2
95,Project Hail Mary,1.4
9,The 7 Habits of Highly Effective People,4.9
74,The Catcher in the Rye,1.2
56,The Stand,3.1
100,Slaughterhouse-Five,5.0
12,1984,1.0
3,Project Hail Mary,2.4
4,Can't Hurt Me,3.5
34,Man's Search for Meaning,1.9
92,No Country for Old Men,3.4
81,How to Win Friends and Influence People,2.8
96,The Picture of Dorian Gray,3.4
33,Fahrenheit 451,3.7
12,War and Peace,1.7
25,The Power of Habit,4.9
24,Deep Work,3.7
98,Can't Hurt Me,3.6
10,The Gifts of Imperfection,3.9
73,Drive,1.2
82,Where the Crawdads Sing,2.8
36,Homo Deus,2.8
62,The Lord of the Rings,3.3
38,Man's Search for Meaning,1.1
76,Pride and Prejudice,3.7
68,Frankenstein,2.1
10,Brave New World,1.9
35,Fahrenheit 451,3.1
99,Outliers,3.8
14,The Count of Monte Cristo,1.7
25,The Road,4.7
67,The Gifts of Imperfection,4.1
68,Ender's Game,1.6
96,The Girl with the Dragon Tattoo,3.3
96,Crime and Punishment,4.0
63,The Art of War,1.1
42,Deep Work,2.1
100,Anna Karenina,3.3
8,The Night Circus,3.5
10,Mindset,4.0
56,The Subtle Art of Not Giving a F*ck,1.7
95,The Great Gatsby,1.8
60,The Iliad,3.6
18,Deep Work,3.8
67,12 Rules for Life,4.2
76,The Stand,4.3
82,The Catcher in the Rye,2.2
83,Crime and Punishment,2.8
78,The Alchemist,4.3
25,Think and Grow Rich,1.8
75,Moby Dick,3.9
9,Les Misérables,2.4
24,Homo Deus,1.5
20,Dracula,4.4
5,Jane Eyre,1.2
45,Harry Potter and the Sorcerer's Stone,1.8
79,Daring Greatly,3.4
75,Ender's Game,3.4
94,Start with Why,1.2
43,Digital Minimalism,1.6
5,Where the Crawdads Sing,4.5
72,The Four Agreements,3.1
94,Jane Eyre,3.6
52,Quiet,1.7
40,The Lord of the Rings,4.7
29,Dune,4.4
53,Slaughterhouse-Five,1.5
4,Educated,4.5
34,Great Expectations,2.1
98,Digital Minimalism,2.0
100,No Country for Old Men,2.8
27,A Man Called Ove,2.8
71,The Gifts of Imperfection,3.7
44,Project Hail Mary,3.6
94,Deep Work,1.1
15,Atomic Habits,3.6
16,Digital Minimalism,2.8
73,The Lord of the Rings,3.8
25,The Silent Patient,3.2
27,The Night Circus,2.3
12,Jane Eyre,4.8
61,No Country for Old Men,1.9
5,The Catcher in the Rye,4.2
40,Where the Crawdads Sing,4.5
42,Little Women,2.9
15,Becoming,1.3
90,One Hundred Years of Solitude,4.1
88,The Alchemist,3.7
97,The Subtle Art of Not Giving a F*ck,4.9
8,A Tale of Two Cities,2.9
38,Things Fall Apart,4.7
72,Invisible Man,3.5
92,To Kill a Mockingbird,2.8
99,The Prince,3.5
15,The Four Agreements,2.2
25,The Chronicles of Narnia,3.3
22,Twilight,2.1
56,Slaughterhouse-Five,4.1
31,Digital Minimalism,2.9
18,Digital Minimalism,4.0
33,Little Women,1.1
10,The Kite Runner,1.5
33,Gone with the Wind,1.4
33,Meditations,4.9
87,The Shining,1.0
99,Blink,3.9
11,How to Win Friends and Influence People,1.8
20,Outliers,2.8
13,Can't Hurt Me,5.0
27,The Intelligent Investor,1.2
83,Crime and Punishment,4.1
85,The Great Gatsby,1.3
92,Great Expectations,4.3
5,Start with Why,4.8
33,Meditations,3.6
54,Frankenstein,2.5
73,The Midnight Library,3.2
56,The Road,1.3
20,The Prince,4.8
20,The Stand,4.6
79,Animal Farm,5.0
70,Don Quixote,4.4
85,Make Your Bed,4.6
55,Blink,2.7
70,The Fault in Our Stars,1.4
93,Fahrenheit 451,4.1
86,Think and Grow Rich,3.7
60,The Night Circus,2.7
79,Harry Potter and the Sorcerer's Stone,2.8
28,Gone with the Wind,3.4
64,"Thinking, Fast and Slow",2.6
35,Rich Dad Poor Dad,2.1
81,The Goldfinch,3.6
15,War and Peace,3.7
80,Man's Search for Meaning,4.6
27,The Girl with the Dragon Tattoo,1.8
79,Educated,1.2
99,The Help,4.2
58,Brave New World,1.5
3,The Girl with the Dragon Tattoo,1.9
55,The Goldfinch,2.5
74,The Intelligent Investor,4.7
58,Flow,3.6
75,The Iliad,2.8
20,Dracula,4.5
73,Memoirs of a Geisha,2.8
27,The Hunger Games,3.8
73,Digital Minimalism,1.9
45,The Picture of Dorian Gray,2.8
21,Drive,3.3
32,Animal Farm,1.1
39,The Intelligent Investor,3.3
32,The Great Gatsby,4.1
93,Meditations,1.9
64,The Book Thief,3.0
95,The Subtle Art of Not Giving a F*ck,3.1
2,The Picture of Dorian Gray,5.0
62,Moby Dick,1.0
57,The Goldfinch,1.1
55,How to Win Friends and Influence People,4.1
27,Slaughterhouse-Five,4.3
61,Mindset,1.9
28,The Alchemist,1.5
99,Twilight,2.9
97,The Hunger Games,3.0
99,The Gifts of Imperfection,3.0
51,The Midnight Library,3.4
24,Anna Karenina,4.0
10,The Power of Habit,1.3
63,Les Misérables,1.1
7,Harry Potter and the Sorcerer's Stone,5.0
50,The Picture of Dorian Gray,2.9
29,Start with Why,2.7
24,Make Your Bed,3.4
74,Dune,1.1
61,Deep Work,4.9
46,The Da Vinci Code,3.8
2,Dracula,2.0
22,The Alchemist,1.9
57,The Hobbit,5.0
35,Frankenstein,4.2
53,Don Quixote,3.6
87,The Book Thief,4.9
68,Think and Grow Rich,1.2
32,One Hundred Years of Solitude,4.0
13,Love in the Time of Cholera,1.2
9,The Power of Habit,2.8
63,The Silent Patient,1.3
26,Quiet,1.4
7,The Lord of the Rings,4.3
57,The Picture of Dorian Gray,3.5
39,Anna Karenina,4.6
36,The Four Agreements,1.4
30,Rich Dad Poor Dad,1.3
49,Animal Farm,4.0
81,The Help,4.2
69,The Intelligent Investor,1.8
90,The Power of Habit,1.9
27,Atomic Habits,2.2
68,The Alchemist,4.1
13,Brave New World,3.7
25,The Picture of Dorian Gray,1.9
10,Life of Pi,1.4
18,Gone with the Wind,2.2
20,The Prince,2.3
46,The Great Gatsby,2.0
90,Start with Why,4.2
56,Sapiens,3.8
36,Les Misérables,1.7
12,The Help,2.3
7,Jane Eyre,4.8
62,Memoirs of a Geisha,4.5
55,Quiet,2.4
53,Homo Deus,4.8
57,Jane Eyre,1.9
76,Atomic Habits,2.8
49,Sapiens,3.0
48,Memoirs of a Geisha,4.6
14,The Girl with the Dragon Tattoo,3.7
38,The Goldfinch,2.3
56,Blink,1.2
64,1984,1.1
92,Start with Why,3.4
64,Love in the Time of Cholera,3.2
91,Slaughterhouse-Five,3.9
72,Daring Greatly,2.0
7,Les Misérables,1.5
13,Invisible Man,4.3
54,The Chronicles of Narnia,4.9
38,The Stand,3.7
39,The Road,3.1
15,Slaughterhouse-Five,2.2
73,To Kill a Mockingbird,4.8
95,The Hunger Games,3.2
1,Wuthering Heights,1.8
1,Little Women,3.4
60,War and Peace,3.3
71,The Silent Patient,3.1
19,Educated,4.5
94,The Fault in Our Stars,2.9
30,It,4.1
4,The Shining,3.3
43,Flow,3.8
52,Les Misérables,4.9
61,Gone with the Wind,3.2
87,The Iliad,1.8
30,Animal Farm,2.9
99,The Midnight Library,4.0
35,Gone with the Wind,3.9
73,The Prince,4.4
21,Twilight,3.5
7,The Midnight Library,4.5
67,Life of Pi,3.9
38,Where the Crawdads Sing,4.1
56,How to Win Friends and Influence People,3.5
11,Things Fall Apart,2.3
14,The Book Thief,1.9
82,Becoming,4.7
48,Frankenstein,4.9
70,Ender's Game,3.2
77,Blink,3.8
61,The Goldfinch,3.5
67,Flow,3.1
90,The Picture of Dorian Gray,1.6
86,Frankenstein,2.8
36,The Midnight Library,3.6
96,Gone with the Wind,4.9
93,The Count of Monte Cristo,1.2
56,The Picture of Dorian Gray,1.7
1,Drive,3.5
21,The Fault in Our Stars,4.7
74,The Giver,1.3
21,The Shining,3.2
85,The Odyssey,2.7
2,A Tale of Two Cities,3.7
71,The Kite Runner,2.8
13,The Shining,1.3
39,The Great Gatsby,3.4
78,Dune,1.1
81,Quiet,1.6
8,Atomic Habits,4.9
83,Make Your Bed,5.0
37,Jane Eyre,1.8
59,The Road,2.4
11,Fahrenheit 451,3.7
17,Brave New World,3.3
5,Atomic Habits,2.3
53,Things Fall Apart,3.7
60,Les Misérables,1.0
47,Think and Grow Rich,4.2
47,The Intelligent Investor,3.8
78,The Help,3.5
10,The Da Vinci Code,2.6
57,Rich Dad Poor Dad,4.4
44,Start with Why,4.1
61,A Tale of Two Cities,2.9
61,Don Quixote,1.1
13,Dracula,3.5
70,One Hundred Years of Solitude,2.7
71,The Picture of Dorian Gray,4.4
2,Love in the Time of Cholera,1.1
56,The Chronicles of Narnia,2.9
99,The Four Agreements,2.0
74,Invisible Man,3.5
56,Drive,2.7
16,Little Women,2.6
12,The Odyssey,4.3
28,Pride and Prejudice,2.3
43,Start with Why,4.5
90,Can't Hurt Me,4.5
47,Frankenstein,1.2
66,A Tale of Two Cities,3.0
45,The Chronicles of Narnia,1.0
96,Quiet,3.9
49,Les Misérables,1.1
34,Blink,4.3
13,Educated,2.4
8,Blink,2.5
82,The Prince,4.0
21,Mindset,3.0
92,The Kite Runner,3.9
33,The Catcher in the Rye,3.6
60,The Shining,1.5
55,Don Quixote,4.6
36,The Book Thief,2.2
88,Educated,4.1
14,Twilight,1.1
40,Educated,3.8
63,To Kill a Mockingbird,3.0
53,Frankenstein,2.8
53,Mindset,4.6
6,The Stand,2.6
77,The 7 Habits of Highly Effective People,4.4
84,The Gifts of Imperfection,2.6
54,Man's Search for Meaning,1.1
15,The Road,4.0
39,Think and Grow Rich,3.6
50,The Art of War,4.4
39,Grit,3.0
57,Les Misérables,3.7
17,The Picture of Dorian Gray,2.1
69,Blink,4.0
53,Little Women,3.1
90,The Night Circus,3.8
61,No Country for Old Men,4.2
23,The Chronicles of Narnia,3.6
47,Where the Crawdads Sing,2.3
59,Where the Crawdads Sing,1.4
19,The Odyssey,2.0
81,Hooked,2.5
72,Great Expectations,3.9
81,Educated,2.7
65,Love in the Time of Cholera,5.0
71,Homo Deus,4.9
52,It,3.0
84,Start with Why,1.4
100,Twilight,4.9
52,Meditations,4.3
40,Love in the Time of Cholera,4.8
73,Life of Pi,3.1
89,The Help,4.5
50,Atomic Habits,4.9
39,No Country for Old Men,3.2
80,To Kill a Mockingbird,2.7
76,The Gifts of Imperfection,2.4
83,Love in the Time of Cholera,1.9
80,The Help,3.4
61,The Iliad,1.7
54,The Help,4.6
68,The Iliad,4.8
86,The Silent Patient,3.5
87,Blink,1.4
87,Quiet,4.9
12,Fahrenheit 451,1.6
7,Don Quixote,4.5
54,The Count of Monte Cristo,3.4
66,The Gifts of Imperfection,4.9
86,Life of Pi,3.5
86,The Odyssey,4.3
89,The Four Agreements,3.0
16,Project Hail Mary,1.7
61,The Prince,4.6
16,The Giver,2.3
92,1984,2.6
76,Atomic Habits,1.2
5,The Power of Habit,1.1
23,The Road,4.5
6,Blink,3.8
33,Start with Why,4.4
95,Crime and Punishment,1.3
76,The Midnight Library,1.6
76,The Shining,2.5
30,One Hundred Years of Solitude,1.3
62,A Tale of Two Cities,2.9
31,The Stand,3.9
71,Sapiens,1.7
14,The Odyssey,4.7
36,The Shining,3.5
60,The Prince,3.4
66,The Gifts of Imperfection,4.0
71,Dracula,1.3
20,The Kite Runner,2.9
29,Hooked,4.5
73,The Odyssey,4.6
88,Start with Why,3.3
76,Wuthering Heights,3.3
25,The Stand,4.3
72,A Tale of Two Cities,4.6
30,Les Misérables,3.0
59,Dune,1.6
4,The Intelligent Investor,1.1
67,The Stand,2.7
65,Think and Grow Rich,3.4
37,Start with Why,2.3
42,Educated,2.1
50,The Night Circus,3.9
44,The Catcher in the Rye,4.3
8,Pride and Prejudice,2.1
60,It,1.4
78,Educated,3.9
23,Rich Dad Poor Dad,2.9
64,Frankenstein,3.0
21,Outliers,4.1
82,Becoming,3.1
92,The Stand,4.2
89,The Alchemist,1.5
83,Blink,1.8
9,Things Fall Apart,2.1
84,Les Misérables,4.1
19,Brave New World,4.9
87,The 7 Habits of Highly Effective People,3.5
26,Start with Why,2.3
94,Dune,2.0
57,The Four Agreements,1.6
25,Invisible Man,1.3
30,How to Win Friends and Influence People,3.8
42,Jane Eyre,4.6
69,War and Peace,3.1
31,Animal Farm,1.7
40,Digital Minimalism,3.7
93,The Night Circus,2.5
92,Flow,4.2
81,The Hunger Games,4.6
79,Becoming,1.0
84,Blink,2.9
56,Memoirs of a Geisha,4.7
67,Can't Hurt Me,2.5
4,The Great Gatsby,4.2
45,Hooked,3.2
91,1984,3.8
42,The Night Circus,3.5
5,The Da Vinci Code,3.3
37,The Stand,3.1
78,The Alchemist,2.1
36,Mindset,4.6
5,The Prince,3.3
22,The 7 Habits of Highly Effective People,1.6
57,Flow,1.8
51,Brave New World,3.4
9,Deep Work,2.3
81,The Giver,3.4
3,Gone with the Wind,4.4
19,The Giver,2.8
77,Rich Dad Poor Dad,1.6
83,Twilight,3.9
52,Flow,4.6
49,Things Fall Apart,2.6
32,The Kite Runner,1.7
80,A Tale of Two Cities,3.2
98,Mindset,3.2
51,Daring Greatly,4.0
79,Sapiens,2.5
50,Meditations,2.2
51,Slaughterhouse-Five,3.9
25,Digital Minimalism,3.8
98,Can't Hurt Me,1.8
56,Where the Crawdads Sing,2.1
100,The Great Gatsby,2.3
67,The Chronicles of Narnia,2.3
52,Think and Grow Rich,4.0
73,Make Your Bed,3.3
18,Harry Potter and the Sorcerer's Stone,1.1
2,Can't Hurt Me,3.7
46,The Girl with the Dragon Tattoo,2.1
85,The Kite Runner,1.2
19,The Fault in Our Stars,3.1
73,Harry Potter and the Sorcerer's Stone,2.6
65,The Kite Runner,3.0
80,The Picture of Dorian Gray,1.3
82,Man's Search for Meaning,4.3
7,The Hobbit,2.3
2,The Help,5.0
88,Twilight,1.7
26,The Girl with the Dragon Tattoo,4.0
81,Sapiens,2.0
43,Don Quixote,3.6
3,The Odyssey,4.3
13,Brave New World,1.0
77,Sapiens,3.7
49,Life of Pi,3.0
53,The Da Vinci Code,3.3
47,Can't Hurt Me,2.2
97,Becoming,2.1
87,Beloved,3.7
78,Don Quixote,2.3
43,The Hunger Games,4.0
31,The Fault in Our Stars,2.8
78,The Night Circus,2.1
76,Love in the Time of Cholera,3.4
74,Beloved,4.5
45,The Lord of the Rings,2.4
1,The Stand,2.4
75,Becoming,1.7
84,To Kill a Mockingbird,2.1
64,A Tale of Two Cities,2.6
76,To Kill a Mockingbird,3.6
61,The Road,1.1
49,Educated,1.3
13,Dracula,1.5
23,Project Hail Mary,1.8
31,The 7 Habits of Highly Effective People,3.4
6,1984,2.5
4,Twilight,4.9
89,Great Expectations,4.0
52,Becoming,1.1
47,Slaughterhouse-Five,1.7
41,Atomic Habits,3.3
76,Drive,3.2
76,The Chronicles of Narnia,4.9
47,Quiet,3.8
94,A Tale of Two Cities,1.1
6,The Book Thief,3.4
37,Fahrenheit 451,2.1
23,Think and Grow Rich,1.9
2,Sapiens,4.2
79,Hooked,4.7
72,No Country for Old Men,3.8
15,Blink,2.3
31,Can't Hurt Me,4.2
33,Pride and Prejudice,2.5
75,Becoming,2.0
100,To Kill a Mockingbird,3.8
61,The Da Vinci Code,2.4
17,Blink,1.4
62,The Help,1.0
30,The Catcher in the Rye,2.1
34,The Giver,1.7
20,The Shining,2.8
58,The Iliad,3.9
66,Quiet,4.9
65,Rich Dad Poor Dad,1.3
28,Little Women,2.9
29,Love in the Time of Cholera,4.5
7,Think and Grow Rich,4.1
74,The Book Thief,1.4
17,The Odyssey,2.8
100,Becoming,3.8
58,The Hobbit,2.9
24,Memoirs of a Geisha,1.2
69,How to Win Friends and Influence People,3.8
86,Meditations,4.9
65,Slaughterhouse-Five,4.0
3,The Prince,1.5
84,Meditations,4.7
89,Outliers,2.7
96,1984,3.5
44,The Hobbit,2.0
22,Twilight,3.4
86,The Kite Runner,4.2
19,The Catcher in the Rye,1.7
85,Moby Dick,2.9
86,The Night Circus,3.0
96,Quiet,4.5
17,Beloved,2.4
2,The Hobbit,2.9
22,12 Rules for Life,4.2
29,Rich Dad Poor Dad,2.2
95,Flow,1.0
45,The Great Gatsby,4.1
62,Jane Eyre,1.5
91,Quiet,1.9
1,Frankenstein,3.0
30,The Picture of Dorian Gray,3.6
93,The Picture of Dorian Gray,2.9
59,The Book Thief,3.2
1,The Alchemist,4.5
39,1984,3.4
67,The Help,2.7
28,Frankenstein,4.6
86,Things Fall Apart,4.6
15,To Kill a Mockingbird,4.7
54,Becoming,4.0
83,A Tale of Two Cities,2.5
85,Slaughterhouse-Five,1.4
26,Make Your Bed,2.6
1,Drive,3.9
71,The Giver,2.4
5,Pride and Prejudice,2.2
99,The Subtle Art of Not Giving a F*ck,3.8
76,The Silent Patient,4.7
12,The Body Keeps the Score,2.1
34,The Da Vinci Code,4.2
71,Atomic Habits,1.2
56,Sapiens,3.2
82,Life of Pi,1.3
87,Flow,1.1
79,Meditations,1.7
44,The 7 Habits of Highly Effective People,4.6
19,Dune,2.3
13,The Fault in Our Stars,3.2
76,The Shining,4.8
81,The Power of Habit,3.9
56,1984,2.9
62,Memoirs of a Geisha,3.9
42,Harry Potter and the Sorcerer's Stone,4.2
96,The Da Vinci Code,1.1
63,The Alchemist,4.1
23,Les Misérables,1.9
80,The Kite Runner,4.6
33,Flow,3.6
16,The Iliad,4.7
78,Sapiens,1.2
1,Drive,1.7
58,The Odyssey,4.8
84,Educated,1.7
50,Digital Minimalism,1.3
54,Harry Potter and the Sorcerer's Stone,4.7
52,Daring Greatly,1.4
90,The Lord of the Rings,3.6
18,Ender's Game,4.6
32,Project Hail Mary,1.8
94,The Stand,2.0
12,Memoirs of a Geisha,1.0
3,Things Fall Apart,2.2
98,"Thinking, Fast and Slow",1.3
6,Pride and Prejudice,2.2
68,Don Quixote,4.2
86,Start with Why,4.2
12,Can't Hurt Me,3.3
37,The Kite Runner,4.9
81,The Lord of the Rings,4.2
88,The Iliad,2.6
9,Les Misérables,3.8
37,It,1.1
23,The Intelligent Investor,3.2
61,Jane Eyre,3.5
14,Atomic Habits,4.8
36,Drive,2.7
44,Can't Hurt Me,3.0
18,Meditations,2.0
30,Things Fall Apart,4.1
67,Outliers,3.7
6,Drive,1.1
94,Homo Deus,1.1
43,The Hunger Games,4.6
77,Quiet,3.2
28,Atomic Habits,3.5
7,Where the Crawdads Sing,3.3
86,The Kite Runner,3.4
15,Great Expectations,4.0
36,Think and Grow Rich,4.4
49,Ender's Game,5.0
3,The Lord of the Rings,4.8
34,The Alchemist,4.4
89,The Silent Patient,3.5
75,Animal Farm,2.9
57,The Great Gatsby,1.7
58,Dune,2.1
20,Atomic Habits,3.6
69,The Power of Habit,2.8
67,Deep Work,1.2
19,The Gifts of Imperfection,4.5
51,It,1.9
67,The Four Agreements,2.2
67,Invisible Man,1.9
38,The Prince,3.5
48,Meditations,3.1
77,A Tale of Two Cities,4.5
27,"Thinking, Fast and Slow",1.2
72,Deep Work,4.9
87,Pride and Prejudice,2.4
55,The Iliad,2.5
62,Harry Potter and the Sorcerer's Stone,2.1
38,Outliers,2.8
19,The Four Agreements,4.2
36,It,4.2
23,The Alchemist,4.0
44,Don Quixote,3.6
44,The Alchemist,1.7
96,The Intelligent Investor,5.0
18,Slaughterhouse-Five,3.7
64,Quiet,3.9
46,The Giver,1.7
27,The Hobbit,4.3
5,The Hunger Games,2.2
57,The Alchemist,1.3
21,Pride and Prejudice,1.6
86,Animal Farm,2.9
77,The Art of War,4.5
100,Think and Grow Rich,1.3
16,Memoirs of a Geisha,4.4
55,Quiet,3.2
10,The Alchemist,1.8
64,The Road,3.1
36,The Girl with the Dragon Tattoo,1.1
11,The Night Circus,1.3
9,The Odyssey,3.3
66,Dracula,2.0
53,The Kite Runner,1.4
8,Little Women,2.9
79,Anna Karenina,5.0
86,Brave New World,2.0
80,No Country for Old Men,1.6
37,Animal Farm,1.6
86,The Kite Runner,2.0
48,The Iliad,4.0
81,The Alchemist,4.8
66,No Country for Old Men,3.5
40,Animal Farm,3.1
56,The Iliad,1.5
17,The Goldfinch,2.8
70,Les Misérables,4.9
58,Harry Potter and the Sorcerer's Stone,1.5
17,Rich Dad Poor Dad,3.6
67,Twilight,4.7
85,The Prince,1.5
31,Digital Minimalism,4.4
34,Things Fall Apart,1.8
67,Brave New World,2.3
93,The Silent Patient,3.3
92,Atomic Habits,2.1
95,Twilight,2.0
9,Brave New World,2.8
26,The Intelligent Investor,3.0
38,Flow,2.9
8,The Lord of the Rings,3.9
45,The Stand,3.4
88,Fahrenheit 451,1.8
90,The Power of Habit,3.8
42,Hooked,1.9
47,The Prince,3.1
73,Animal Farm,2.9
15,Life of Pi,1.2
36,War and Peace,1.9
93,Where the Crawdads Sing,3.7
73,Great Expectations,3.9
70,Memoirs of a Geisha,2.6
58,The Body Keeps the Score,2.8
92,The Gifts of Imperfection,1.1
35,The 7 Habits of Highly Effective People,1.8
13,The Four Agreements,1.7
38,Wuthering Heights,4.9
11,Mindset,2.4
87,To Kill a Mockingbird,3.9
31,Anna Karenina,1.1
20,Ender's Game,3.6
81,The Stand,4.6
61,Dracula,2.1
41,Outliers,1.4
14,The Giver,3.9
64,The Body Keeps the Score,1.9
19,Mindset,3.6
42,The Intelligent Investor,1.2
87,The Help,3.5
40,Memoirs of a Geisha,4.5
61,The Prince,2.9
29,The Great Gatsby,1.4
69,Brave New World,1.6
51,The Alchemist,3.9
99,Blink,1.4
55,Slaughterhouse-Five,2.5
46,Dune,3.3
11,The 7 Habits of Highly Effective People,2.8
90,The Catcher in the Rye,1.5
32,Start with Why,3.8
51,The Help,2.0
93,Pride and Prejudice,4.5
56,The Prince,2.2
70,Drive,2.3
2,Great Expectations,1.0
97,Man's Search for Meaning,4.2
83,The Kite Runner,1.9
75,A Tale of Two Cities,1.7
48,No Country for Old Men,3.0
67,Wuthering Heights,3.2
77,The Intelligent Investor,2.8
23,Meditations,2.7
79,The Four Agreements,3.0
34,Where the Crawdads Sing,2.6
46,Start with Why,2.9
25,It,1.6
37,The Goldfinch,2.6
55,The Gifts of Imperfection,4.4
34,Les Misérables,1.7
98,Don Quixote,4.3
93,The Midnight Library,3.8
17,War and Peace,3.5
12,The Stand,1.4
33,Slaughterhouse-Five,3.4
55,No Country for Old Men,1.2
93,12 Rules for Life,1.4
32,Meditations,4.5
57,The Road,3.2
100,Make Your Bed,4.3
99,1984,3.4
79,Things Fall Apart,4.2
27,1984,4.5
91,Daring Greatly,3.5
89,Les Misérables,3.3
21,The Da Vinci Code,3.1
26,Jane Eyre,1.6
28,"Thinking, Fast and Slow",2.5
93,Start with Why,2.7
38,Moby Dick,3.1
80,Brave New World,3.5
29,One Hundred Years of Solitude,2.8
29,The Art of War,2.1
78,Man's Search for Meaning,1.1
69,The Goldfinch,1.5
31,Don Quixote,2.7
51,The Night Circus,1.5
88,Mindset,4.5
69,1984,2.2
10,Project Hail Mary,2.4
29,To Kill a Mockingbird,4.1
78,The Alchemist,1.2
94,Life of Pi,3.4
56,The Midnight Library,1.3
4,"Thinking, Fast and Slow",2.4
65,The Giver,2.3
43,War and Peace,1.8
9,Great Expectations,3.4
19,Outliers,1.1
1,The Alchemist,3.9
61,The Odyssey,3.1
70,Rich Dad Poor Dad,2.7
7,Things Fall Apart,2.0
7,Dracula,1.6
18,The Kite Runner,4.3
95,Invisible Man,4.8
73,Brave New World,4.1
35,The Intelligent Investor,3.0
48,The Girl with the Dragon Tattoo,3.8
62,Outliers,2.6
87,The Giver,4.5
22,Think and Grow Rich,1.7
14,The Great Gatsby,2.4
3,Hooked,1.6
87,Jane Eyre,4.0
21,Don Quixote,1.9
9,Brave New World,4.3
80,Can't Hurt Me,3.6
90,The Lord of the Rings,4.6
85,The Art of War,2.9
9,The Catcher in the Rye,3.2
90,Gone with the Wind,1.2
90,The Art of War,4.0
86,A Tale of Two Cities,5.0
79,Memoirs of a Geisha,1.5
30,The Hobbit,1.5
61,Becoming,4.4
93,The 7 Habits of Highly Effective People,4.1
30,Can't Hurt Me,2.0
32,Think and Grow Rich,1.2
3,The Power of Habit,2.9
7,A Man Called Ove,3.7
24,The Goldfinch,5.0
70,The Road,1.9
61,Ender's Game,3.3
47,The Road,2.5
33,The Girl with the Dragon Tattoo,4.6
95,The Book Thief,4.4
22,Things Fall Apart,3.1
34,Love in the Time of Cholera,3.6
42,Life of Pi,4.4
33,The Lord of the Rings,3.6
31,Deep Work,1.3
61,A Man Called Ove,4.3
32,Can't Hurt Me,1.2
12,The Silent Patient,4.7
55,A Tale of Two Cities,3.7
11,A Tale of Two Cities,3.9
50,The Body Keeps the Score,3.2
48,The Fault in Our Stars,3.7
8,The Book Thief,3.4
55,Harry Potter and the Sorcerer's Stone,2.2
42,The Book Thief,2.5
6,"Thinking, Fast and Slow",2.3
1,Deep Work,4.2
95,Project Hail Mary,3.2
6,Deep Work,2.3
95,The Night Circus,1.5
65,Little Women,1.5
13,The Shining,2.0
29,A Man Called Ove,3.9
2,The Giver,2.2
55,Crime and Punishment,1.0
58,Moby Dick,2.4
37,Harry Potter and the Sorcerer's Stone,2.3
50,The Intelligent Investor,3.3
89,The Giver,4.8
27,Think and Grow Rich,4.9
95,Life of Pi,2.5
86,Quiet,3.9
74,Jane Eyre,1.2
48,The Book Thief,2.0
57,Sapiens,3.2
3,The Book Thief,3.1
86,Fahrenheit 451,4.9
44,One Hundred Years of Solitude,2.4
79,The Picture of Dorian Gray,3.4
84,Harry Potter and the Sorcerer's Stone,3.8
85,The Body Keeps the Score,3.5
29,Mindset,3.1
98,The Help,2.8
64,Blink,4.8
26,The Body Keeps the Score,3.1
1,To Kill a Mockingbird,4.5
60,War and Peace,4.1
62,Frankenstein,2.1
5,Les Misérables,1.9
30,The Lord of the Rings,1.8
62,Life of Pi,4.4
89,Twilight,2.0
73,1984,3.6
100,Project Hail Mary,4.7
8,The Four Agreements,3.1
63,No Country for Old Men,3.4
93,The Four Agreements,1.2
64,Quiet,3.5
14,Wuthering Heights,2.8
54,Hooked,4.1
7,Jane Eyre,4.8
7,The Prince,3.1
28,Rich Dad Poor Dad,3.1
11,Sapiens,2.7
31,Little Women,1.5
3,Beloved,2.9
75,Quiet,5.0
72,Slaughterhouse-Five,3.9
77,Deep Work,3.3
71,Little Women,1.9
93,The Help,1.2
67,The Hobbit,3.3
23,Dune,2.8
90,Slaughterhouse-Five,4.3
11,The Lord of the Rings,2.7
65,The Hobbit,1.9
39,No Country for Old Men,1.7
22,Moby Dick,4.7
44,Rich Dad Poor Dad,1.2
48,The Count of Monte Cristo,2.2
85,Digital Minimalism,2.7
74,The Catcher in the Rye,3.8
32,Sapiens,4.0
57,1984,5.0
23,The Road,3.0
89,Outliers,1.2
37,Where the Crawdads Sing,1.7
58,Les Misérables,1.9
93,The Picture of Dorian Gray,2.1
24,The Alchemist,3.9
59,Mindset,1.3
5,The Help,3.0
4,Ender's Game,2.4
15,Sapiens,3.1
48,The Hobbit,2.8
26,Outliers,5.0
86,The Picture of Dorian Gray,2.0
91,A Man Called Ove,2.1
51,Blink,1.9
23,The Catcher in the Rye,2.7
16,Little Women,3.9
27,Anna Karenina,2.7
43,The Giver,2.4
51,The Chronicles of Narnia,1.1
77,The Chronicles of Narnia,5.0
18,The Shining,3.2
70,Ender's Game,2.9
15,The Art of War,2.9
99,The Girl with the Dragon Tattoo,4.6
93,Life of Pi,4.8
89,Moby Dick,1.7
30,"Thinking, Fast and Slow",4.9
29,Moby Dick,3.9
6,The Lord of the Rings,1.4
44,Pride and Prejudice,4.7
7,Moby Dick,2.0
49,A Man Called Ove,4.4
11,The 7 Habits of Highly Effective People,2.2
16,War and Peace,2.0
92,Fahrenheit 451,3.5
69,The Four Agreements,4.5
73,The Giver,1.5
5,Anna Karenina,2.2
3,Beloved,3.1
92,The Count of Monte Cristo,2.1
50,The Picture of Dorian Gray,2.1
14,The Girl with the Dragon Tattoo,3.8
92,Little Women,4.2
14,Outliers,1.7
16,Crime and Punishment,3.1
51,The Great Gatsby,3.3
26,Love in the Time of Cholera,3.9
74,The Count of Monte Cristo,2.1
85,1984,2.0
38,Frankenstein,4.7
88,The Stand,4.7
15,A Tale of Two Cities,4.6
50,The Intelligent Investor,1.2
22,The Art of War,2.2
100,Meditations,3.6
16,Deep Work,1.8
90,Becoming,4.2
7,Flow,1.1
100,Pride and Prejudice,3.5
86,Jane Eyre,4.2
69,Dune,4.6
89,A Man Called Ove,4.9
57,Hooked,1.3
98,It,2.4
3,Hooked,2.8
19,The Da Vinci Code,4.4
94,The Night Circus,1.9
66,The Great Gatsby,2.3
83,1984,3.4
15,The Road,3.1
41,"Thinking, Fast and Slow",1.7
89,Great Expectations,4.6
48,The Chronicles of Narnia,4.1
74,The Lord of the Rings,1.8
87,How to Win Friends and Influence People,2.6
95,The 7 Habits of Highly Effective People,4.4
95,1984,4.2
18,The Silent Patient,3.6
40,The Giver,1.3
1,Quiet,1.6
32,Pride and Prejudice,2.4
20,Becoming,3.8
19,Life of Pi,4.9
56,The Subtle Art of Not Giving a F*ck,2.9
84,Outliers,2.3
23,Grit,3.8
29,Outliers,3.4
86,Little Women,3.4
19,The Kite Runner,4.1
10,Moby Dick,3.5
89,Flow,3.4
36,Brave New World,4.0
49,The Lord of the Rings,1.7
16,Little Women,4.3
56,Start with Why,2.2
50,Digital Minimalism,3.2
95,To Kill a Mockingbird,4.4
6,The Midnight Library,4.7
78,The Night Circus,3.0
71,The Chronicles of Narnia,1.5
46,No Country for Old Men,2.5
81,The Da Vinci Code,4.2
68,Invisible Man,4.2
67,Ender's Game,2.6
36,Love in the Time of Cholera,4.4
36,Don Quixote,3.6
17,The Body Keeps the Score,4.7
90,Can't Hurt Me,3.1
13,The Power of Habit,3.1
62,The Body Keeps the Score,4.0
90,The Alchemist,3.6
80,Atomic Habits,3.9
24,Make Your Bed,1.4
54,Hooked,4.5
27,Memoirs of a Geisha,3.0
8,Pride and Prejudice,2.3
64,12 Rules for Life,1.4
62,The Chronicles of Narnia,2.4
11,The Power of Habit,3.4
2,Great Expectations,3.5
3,Quiet,1.8
80,The Road,1.9
39,Atomic Habits,3.2
56,Can't Hurt Me,4.6
42,Little Women,2.0
50,The Kite Runner,3.4
65,The Intelligent Investor,1.6
47,The Chronicles of Narnia,3.8
3,"Thinking, Fast and Slow",1.8
6,The Kite Runner,3.8
30,The Count of Monte Cristo,1.9
25,The Art of War,1.6
48,Anna Karenina,4.2
67,The Chronicles of Narnia,3.4
66,The Chronicles of Narnia,1.9
12,Animal Farm,3.9
91,Digital Minimalism,4.0
70,The Giver,1.8
37,The Book Thief,1.6
89,The Power of Habit,1.6
95,The Stand,2.5
85,Wuthering Heights,3.3
77,Wuthering Heights,2.1
23,The Hunger Games,1.0
85,Rich Dad Poor Dad,2.4
52,One Hundred Years of Solitude,1.4
58,Love in the Time of Cholera,4.7
15,The Four Agreements,4.7
98,The Goldfinch,4.4
3,The Body Keeps the Score,4.4
93,"Thinking, Fast and Slow",1.3
4,The Intelligent Investor,4.6
11,Daring Greatly,3.9
21,A Tale of Two Cities,1.1
70,The Art of War,4.4
30,Project Hail Mary,3.1
70,Atomic Habits,2.4
99,Moby Dick,4.0
40,The Night Circus,2.9
52,Frankenstein,2.3
17,Love in the Time of Cholera,2.5
26,The Great Gatsby,1.2
10,Crime and Punishment,2.5
14,Moby Dick,2.2
96,Drive,4.9
61,"Thinking, Fast and Slow",1.0
13,Twilight,1.2
11,The Book Thief,3.7
86,The Silent Patient,1.5
54,The Book Thief,3.2
63,No Country for Old Men,2.4
12,The Intelligent Investor,2.6
29,The Kite Runner,5.0
51,Digital Minimalism,1.6
17,Pride and Prejudice,4.1
9,Daring Greatly,3.3
6,The Kite Runner,1.3
40,How to Win Friends and Influence People,1.4
36,Frankenstein,3.5
46,The Girl with the Dragon Tattoo,4.3
53,12 Rules for Life,3.8
47,The Catcher in the Rye,3.8
80,Slaughterhouse-Five,1.1
90,Digital Minimalism,1.8
11,Educated,4.1
27,The Picture of Dorian Gray,3.0
44,Quiet,1.7
25,The Gifts of Imperfection,3.2
41,Deep Work,4.5
17,Drive,3.3
21,Dune,2.7
8,12 Rules for Life,3.1
30,No Country for Old Men,2.5
86,The Subtle Art of Not Giving a F*ck,4.0
45,The Power of Habit,4.6
60,A Tale of Two Cities,4.7
46,The Gifts of Imperfection,2.7
29,"Thinking, Fast and Slow",2.0
4,Flow,2.5
21,Great Expectations,4.8
10,The Picture of Dorian Gray,2.9
62,A Tale of Two Cities,4.1
30,The Odyssey,2.8
18,The Hobbit,4.2
38,Make Your Bed,3.1
40,Meditations,3.6
44,The Girl with the Dragon Tattoo,4.1
95,The Iliad,1.0
29,Slaughterhouse-Five,2.6
22,One Hundred Years of Solitude,4.3
58,The Alchemist,4.1
33,Digital Minimalism,2.9
95,Harry Potter and the Sorcerer's Stone,3.7
99,The Hobbit,2.9
92,Anna Karenina,3.6
32,Think and Grow Rich,3.3
63,12 Rules for Life,2.0
7,Anna Karenina,3.0
26,Slaughterhouse-Five,4.3
63,12 Rules for Life,4.9
71,The Power of Habit,3.3
39,Outliers,2.1
23,The Alchemist,3.1
85,The Body Keeps the Score,2.9
16,Pride and Prejudice,2.2
85,Anna Karenina,1.9
13,Ender's Game,3.6
3,Digital Minimalism,1.4
81,Wuthering Heights,3.9
54,Invisible Man,4.5
73,The Body Keeps the Score,1.1
97,Les Misérables,4.7
15,Where the Crawdads Sing,3.6
86,A Man Called Ove,3.4
36,Educated,4.2
49,Les Misérables,3.0
93,Dune,1.4
38,Educated,3.4
89,Quiet,2.9
17,The Iliad,1.9
35,Anna Karenina,4.1
10,The Goldfinch,2.3
49,Digital Minimalism,5.0
14,Man's Search for Meaning,4.4
88,Dune,2.1
15,The Four Agreements,1.2
10,Start with Why,4.7
75,Grit,4.1
79,Becoming,3.3
33,How to Win Friends and Influence People,4.6
34,Quiet,4.2
43,Blink,5.0
96,Pride and Prejudice,3.1
85,Where the Crawdads Sing,1.8
60,The Intelligent Investor,1.0
65,12 Rules for Life,4.5
97,Twilight,4.2
42,The Hobbit,1.0
78,Harry Potter and the Sorcerer's Stone,2.4
89,The Intelligent Investor,3.2
99,Things Fall Apart,1.5
41,The Great Gatsby,4.5
58,The Lord of the Rings,5.0
92,Frankenstein,3.7
79,Deep Work,3.3
1,The 7 Habits of Highly Effective People,4.8
18,The Hunger Games,4.3
68,Grit,2.4
87,The Gifts of Imperfection,2.1
100,Mindset,1.5
39,Wuthering Heights,4.3
14,Becoming,1.4
74,Meditations,1.7
46,Dune,3.2
43,Quiet,2.2
56,Hooked,2.3
34,The Subtle Art of Not Giving a F*ck,4.4
39,The Midnight Library,4.6
27,The Girl with the Dragon Tattoo,4.1
71,The Subtle Art of Not Giving a F*ck,4.0
17,Deep Work,4.0
74,The Alchemist,2.5
2,How to Win Friends and Influence People,3.1
98,"Thinking, Fast and Slow",3.5
7,The Catcher in the Rye,4.9
13,Think and Grow Rich,2.1
12,The Chronicles of Narnia,4.3
98,The Count of Monte Cristo,4.0
62,Daring Greatly,2.1
97,Man's Search for Meaning,1.1
13,Don Quixote,3.2
64,The Subtle Art of Not Giving a F*ck,1.3
45,The Power of Habit,1.0
19,The Prince,2.8
96,Animal Farm,3.9
14,Outliers,1.8
71,1984,3.0
100,Moby Dick,1.0
72,Beloved,2.8
32,Twilight,3.3
1,One Hundred Years of Solitude,2.1
34,The Silent Patient,3.6
69,Daring Greatly,3.0
10,The Girl with the Dragon Tattoo,3.7
61,One Hundred Years of Solitude,3.2
3,Blink,1.1
92,Dune,1.1
45,A Man Called Ove,3.5
11,Flow,3.8
7,Ender's Game,2.2
52,Anna Karenina,4.5
20,12 Rules for Life,3.3
98,Beloved,4.5
43,War and Peace,3.6
64,Man's Search for Meaning,2.8
33,The Hunger Games,4.5
88,Rich Dad Poor Dad,4.0
56,Don Quixote,3.9
17,Flow,2.1
2,Make Your Bed,4.4
60,The Road,3.4
2,Gone with the Wind,1.8
24,Hooked,3.9
63,Where the Crawdads Sing,2.4
83,The Da Vinci Code,3.3
88,Make Your Bed,4.4
96,Moby Dick,1.9
19,Pride and Prejudice,4.8
18,Start with Why,3.0
31,Blink,2.5
53,War and Peace,3.4
31,"Thinking, Fast and Slow",3.8
12,Can't Hurt Me,2.4
23,To Kill a Mockingbird,4.2
97,Love in the Time of Cholera,4.8
1,Don Quixote,3.4
88,Moby Dick,1.0
22,The Great Gatsby,2.0
9,Daring Greatly,3.5
15,Crime and Punishment,3.9
36,Life of Pi,1.2
28,The Stand,4.1
76,The Night Circus,2.4
24,Great Expectations,3.6
93,Man's Search for Meaning,2.4
14,Invisible Man,2.8
72,Daring Greatly,2.9
11,Drive,1.4
55,Quiet,4.2
22,To Kill a Mockingbird,4.9
90,Invisible Man,1.8
41,The Midnight Library,4.5
19,Deep Work,3.9
62,It,1.9
53,Quiet,1.8
62,The Odyssey,2.1
92,Pride and Prejudice,3.4
62,Becoming,4.4
25,No Country for Old Men,4.4
62,How to Win Friends and Influence People,2.6
96,Digital Minimalism,3.5
8,The Hunger Games,2.7
97,Can't Hurt Me,1.6
55,Don Quixote,3.6
80,Make Your Bed,4.1
70,The 7 Habits of Highly Effective People,3.6
22,The Picture of Dorian Gray,4.2
88,Make Your Bed,2.0
3,Think and Grow Rich,4.8
56,Hooked,1.0
87,The Count of Monte Cristo,3.9
8,Deep Work,3.2
39,Rich Dad Poor Dad,4.8
31,Slaughterhouse-Five,3.8
84,It,4.0
3,Gone with the Wind,3.1
89,The Silent Patient,2.0
88,Moby Dick,4.0
61,Atomic Habits,4.8
58,The Stand,1.4
17,Great Expectations,2.0
85,The Da Vinci Code,1.5
96,Quiet,2.1
32,The Alchemist,1.4
22,The Four Agreements,2.5
2,The Hunger Games,2.0
35,The Kite Runner,2.0
85,The Shining,3.9
51,12 Rules for Life,2.2
82,Great Expectations,3.0
93,Little Women,3.1
89,Make Your Bed,2.3
43,Grit,4.4
89,Meditations,4.1
84,Think and Grow Rich,2.0
70,The Da Vinci Code,3.6
46,The Book Thief,4.7
58,War and Peace,2.2
90,Educated,1.1
62,The Count of Monte Cristo,4.6
65,Project Hail Mary,3.5
30,The Giver,2.5
78,The Shining,2.9
76,Think and Grow Rich,3.7
90,Project Hail Mary,1.0
21,Quiet,4.9
70,Life of Pi,4.9
10,Life of Pi,2.0
25,Great Expectations,1.5
44,The Power of Habit,1.1
93,Frankenstein,2.6
95,Grit,4.0
94,The Prince,1.5
54,Twilight,4.8
74,To Kill a Mockingbird,3.0
32,The Midnight Library,4.3
6,The Four Agreements,1.5
16,The Hobbit,4.8
89,Where the Crawdads Sing,2.8
45,Moby Dick,3.6
60,Daring Greatly,4.6
69,Where the Crawdads Sing,1.9
87,Deep Work,2.1
63,Things Fall Apart,2.0
67,Life of Pi,4.7
26,The Lord of the Rings,1.0
31,Drive,1.1
71,Deep Work,2.9
14,Rich Dad Poor Dad,1.4
99,Sapiens,4.0
5,Crime and Punishment,4.7
76,Beloved,1.2
74,It,3.2
55,The 7 Habits of Highly Effective People,4.3
82,12 Rules for Life,2.3
94,The Night Circus,1.1
100,The Odyssey,2.9
100,Mindset,2.1
31,Sapiens,4.0
90,Atomic Habits,2.3
30,The Book Thief,2.9
95,Memoirs of a Geisha,4.9
85,Crime and Punishment,4.6
43,A Tale of Two Cities,4.2
57,Great Expectations,1.2
17,Life of Pi,1.2
30,To Kill a Mockingbird,4.5
58,How to Win Friends and Influence People,2.2
76,The Da Vinci Code,3.4
38,Becoming,2.2
67,Daring Greatly,4.3
44,Things Fall Apart,3.5
36,Rich Dad Poor Dad,5.0
13,Outliers,1.4
43,Harry Potter and the Sorcerer's Stone,1.2
18,Frankenstein,3.2
45,Things Fall Apart,2.5
66,Life of Pi,1.8
2,Drive,1.3
35,Crime and Punishment,1.3
30,The Book Thief,2.9
98,Mindset,2.3
41,Great Expectations,2.2
7,The Shining,1.9
30,Moby Dick,4.3
2,The Picture of Dorian Gray,4.9
75,Think and Grow Rich,4.5
87,Atomic Habits,1.2
67,The Help,3.9
72,Ender's Game,2.8
31,Dracula,3.6
48,Wuthering Heights,2.5
30,The Art of War,3.0
6,Where the Crawdads Sing,3.1
14,The Night Circus,1.8
18,The Night Circus,1.6
90,The Road,2.0
44,The Catcher in the Rye,3.8
28,Digital Minimalism,4.5
13,Sapiens,3.5
91,The Chronicles of Narnia,4.7
86,The Count of Monte Cristo,2.5
37,Crime and Punishment,3.8
38,Educated,4.5
31,Anna Karenina,1.4
74,Jane Eyre,2.1
61,Brave New World,2.8
32,Les Misérables,4.4
9,Brave New World,2.6
94,The Count of Monte Cristo,3.5
28,The Body Keeps the Score,3.4
74,The Intelligent Investor,4.0
23,The Intelligent Investor,4.9
61,Blink,2.7
57,Slaughterhouse-Five,2.7
24,Little Women,4.2
15,The Chronicles of Narnia,4.0
24,The Catcher in the Rye,3.3
48,Ender's Game,3.4
4,The Hunger Games,2.4
32,Quiet,4.1
84,Blink,4.3
85,The Great Gatsby,4.4
85,Dracula,4.2
51,1984,4.7
27,The Fault in Our Stars,4.2
15,Invisible Man,2.6
55,Hooked,2.0
52,Make Your Bed,4.3
25,Love in the Time of Cholera,2.8
89,A Man Called Ove,2.1
36,Becoming,1.4
90,Digital Minimalism,3.1
66,Flow,4.5
10,The Iliad,4.3
85,Love in the Time of Cholera,4.8
9,The Body Keeps the Score,2.5
63,The Picture of Dorian Gray,3.7
32,Make Your Bed,2.1
31,Grit,4.1
72,Grit,1.2
75,War and Peace,1.3
78,The Road,3.2
47,The Hobbit,3.9
89,Slaughterhouse-Five,2.3
51,Les Misérables,4.7
17,Twilight,3.5
12,It,4.4
100,The Catcher in the Rye,3.6
22,The Road,1.9
6,Memoirs of a Geisha,2.6
63,One Hundred Years of Solitude,3.9
94,Invisible Man,2.2
79,Grit,2.2
45,The 7 Habits of Highly Effective People,3.4
93,Grit,3.1
44,The Hunger Games,4.3
22,Twilight,4.1
87,Harry Potter and the Sorcerer's Stone,3.4
26,Anna Karenina,2.8
16,Things Fall Apart,3.6
9,Anna Karenina,3.6
58,The Help,1.9
33,The Hunger Games,3.8
92,Project Hail Mary,2.0
3,It,2.4
71,A Tale of Two Cities,2.9
48,Frankenstein,3.4
85,The Subtle Art of Not Giving a F*ck,3.7
73,The Silent Patient,1.9
30,Flow,4.5
86,Hooked,2.5
6,Little Women,1.0
73,Where the Crawdads Sing,2.3
71,To Kill a Mockingbird,4.2
44,The Iliad,3.1
30,The Intelligent Investor,2.4
48,Atomic Habits,2.2
41,The Intelligent Investor,1.1
23,The Giver,3.3
5,A Man Called Ove,2.0
37,Project Hail Mary,1.8
100,The Kite Runner,3.0
45,One Hundred Years of Solitude,3.6
22,Pride and Prejudice,2.9
53,Brave New World,1.3
33,The Kite Runner,1.4
42,The Giver,3.8
95,The Gifts of Imperfection,1.4
23,The Goldfinch,4.4
35,The Great Gatsby,4.9
20,How to Win Friends and Influence People,3.8
31,The Four Agreements,3.4
99,The Alchemist,4.9
25,Pride and Prejudice,3.2
73,Grit,2.0
70,Project Hail Mary,3.8
21,The Count of Monte Cristo,2.2
49,The Kite Runner,2.6
30,Les Misérables,4.7
20,The Chronicles of Narnia,4.3
97,The Hunger Games,2.2
3,The Da Vinci Code,2.9
73,Sapiens,1.5
18,The Book Thief,2.1
42,Meditations,2.4
54,The Intelligent Investor,3.5
15,Little Women,4.8
64,The Odyssey,2.1
40,Where the Crawdads Sing,1.4
43,No Country for Old Men,3.6
52,The Lord of the Rings,4.4
62,The Gifts of Imperfection,1.3
31,The 7 Habits of Highly Effective People,2.6
49,Hooked,2.5
38,The Intelligent Investor,1.6
88,No Country for Old Men,4.6
99,Sapiens,4.5
89,The Body Keeps the Score,1.9
45,Jane Eyre,1.3
93,Les Misérables,3.1
88,1984,4.1
92,Educated,1.9
27,Where the Crawdads Sing,4.6
56,Brave New World,4.5
72,Beloved,1.4
82,Harry Potter and the Sorcerer's Stone,3.7
42,"Thinking, Fast and Slow",3.7
98,The Stand,2.5
66,The Odyssey,4.8
29,No Country for Old Men,2.3
79,The Four Agreements,3.4
40,Great Expectations,4.0
59,Little Women,4.2
49,Les Misérables,2.9
70,Don Quixote,1.4
29,Rich Dad Poor Dad,1.0
15,Little Women,2.4
43,1984,5.0
80,The Goldfinch,4.5
10,Ender's Game,4.6
75,The Body Keeps the Score,1.9
81,The Catcher in the Rye,1.3
48,The Book Thief,3.8
25,The Hobbit,4.0
64,War and Peace,3.1
53,The Four Agreements,3.5
98,Outliers,1.3
71,The Giver,1.2
84,Start with Why,2.5
37,Jane Eyre,1.0
98,The Body Keeps the Score,5.0
5,The Odyssey,2.4
7,Hooked,1.4
33,One Hundred Years of Solitude,1.1
15,Dune,2.7
35,The Girl with the Dragon Tattoo,4.4
61,Can't Hurt Me,3.4
47,The Stand,2.9
92,Digital Minimalism,1.2
93,The Iliad,4.5
99,Grit,3.5
30,The Hunger Games,1.9
70,Brave New World,3.1
19,The Hobbit,4.0
16,Dracula,2.5
86,The Shining,2.8
4,1984,4.4
75,Deep Work,3.5
63,Dracula,2.7
78,Twilight,2.2
38,The Odyssey,4.4
51,Pride and Prejudice,4.7
78,Deep Work,2.9
14,A Tale of Two Cities,4.6
27,Twilight,2.9
56,Life of Pi,4.1
91,The Great Gatsby,4.8
11,The Chronicles of Narnia,2.1
61,Digital Minimalism,1.5
95,The 7 Habits of Highly Effective People,4.3
61,Gone with the Wind,1.1
61,12 Rules for Life,4.2
91,One Hundred Years of Solitude,1.4
30,The Kite Runner,2.1
73,Anna Karenina,2.4
85,The Giver,4.2
4,Hooked,2.7
58,Great Expectations,4.5
45,The Prince,1.1
30,Think and Grow Rich,4.9
37,The 7 Habits of Highly Effective People,1.2
29,The Alchemist,4.4
45,The Alchemist,2.0
61,The Iliad,2.3
7,The Picture of Dorian Gray,2.4
92,Can't Hurt Me,1.6
51,The Da Vinci Code,1.0
65,Great Expectations,3.8
78,The Fault in Our Stars,3.5
30,Don Quixote,4.0
11,The Da Vinci Code,2.0
8,Deep Work,1.1
95,The Prince,1.3
2,Crime and Punishment,2.3
73,Becoming,3.1
6,Digital Minimalism,1.1
50,Jane Eyre,1.6
22,The Kite Runner,3.9
63,War and Peace,2.7
22,Animal Farm,4.8
32,Flow,3.2
74,Crime and Punishment,3.0
83,The Night Circus,4.0
81,Little Women,2.8
53,Love in the Time of Cholera,3.1
15,Twilight,2.0
65,Grit,3.1
89,No Country for Old Men,2.6
61,The Gifts of Imperfection,4.9
2,Wuthering Heights,3.0
6,The Four Agreements,2.4
35,Grit,2.6
74,Gone with the Wind,4.4
100,Jane Eyre,3.9
77,Les Misérables,4.8
77,One Hundred Years of Solitude,1.2
91,Where the Crawdads Sing,3.7
56,The Lord of the Rings,4.9
57,Sapiens,4.2
39,Homo Deus,4.5
26,The Power of Habit,3.8
89,Beloved,4.9
71,Think and Grow Rich,3.6
11,Twilight,1.7
87,The Count of Monte Cristo,3.6
46,The Gifts of Imperfection,3.7
30,A Man Called Ove,4.8
33,Quiet,4.7
63,Slaughterhouse-Five,3.5
50,Brave New World,1.1
78,The Prince,1.7
81,Little Women,3.9
38,Great Expectations,4.4
40,1984,1.4
26,The Silent Patient,3.5
7,The Body Keeps the Score,1.4
97,How to Win Friends and Influence People,2.5
64,The Catcher in the Rye,2.7
60,Jane Eyre,2.1
100,Crime and Punishment,3.4
19,The Subtle Art of Not Giving a F*ck,3.4
72,The Catcher in the Rye,4.0
43,The Help,1.6
4,Blink,4.8
30,Quiet,1.7
36,Don Quixote,3.1
8,Crime and Punishment,2.8
2,Fahrenheit 451,2.7
62,The Hobbit,1.7
72,The Hunger Games,4.2
91,The Girl with the Dragon Tattoo,2.7
53,The Fault in Our Stars,4.7
82,Quiet,5.0
29,The Great Gatsby,2.8
5,Wuthering Heights,4.6
90,The Body Keeps the Score,2.8
99,War and Peace,4.8
76,Gone with the Wind,1.2
23,The Subtle Art of Not Giving a F*ck,2.4
31,Gone with the Wind,1.5
25,The Art of War,3.6
36,Things Fall Apart,4.0
71,12 Rules for Life,3.5
84,The Goldfinch,4.2
72,12 Rules for Life,2.7
64,Slaughterhouse-Five,3.1
68,The Gifts of Imperfection,3.2
83,Make Your Bed,4.6
41,The Help,3.3
88,Beloved,2.7
90,The Chronicles of Narnia,2.7
94,Dracula,4.9
87,Man's Search for Meaning,1.4
62,The Iliad,4.0
80,The Girl with the Dragon Tattoo,4.2
46,The Subtle Art of Not Giving a F*ck,4.0
21,Flow,2.1
100,Rich Dad Poor Dad,2.5
69,Drive,4.3
83,A Man Called Ove,1.4
9,Frankenstein,2.6
82,Man's Search for Meaning,1.3
67,The Lord of the Rings,2.7
76,12 Rules for Life,1.4
94,The Gifts of Imperfection,4.1
26,The Subtle Art of Not Giving a F*ck,4.8
3,Grit,3.4
16,Blink,3.8
26,Homo Deus,3.3
1,Fahrenheit 451,4.4
53,Love in the Time of Cholera,3.4
48,The Chronicles of Narnia,1.1
30,The Fault in Our Stars,3.0
80,Quiet,5.0
6,Educated,4.0
88,Think and Grow Rich,4.8
76,Wuthering Heights,3.7
83,Memoirs of a Geisha,3.3
33,Atomic Habits,2.4
9,The Art of War,2.9
85,The Subtle Art of Not Giving a F*ck,3.7
20,Dracula,2.2
87,Les Misérables,2.8
47,Pride and Prejudice,1.4
44,Where the Crawdads Sing,1.5
88,Think and Grow Rich,1.4
33,Harry Potter and the Sorcerer's Stone,1.3
38,The Goldfinch,4.4
80,A Tale of Two Cities,1.0
49,Love in the Time of Cholera,3.5
85,The Picture of Dorian Gray,4.3
18,Life of Pi,2.9
57,Drive,1.6
48,The Odyssey,2.7
63,Rich Dad Poor Dad,4.9
13,The Picture of Dorian Gray,2.4
54,The Subtle Art of Not Giving a F*ck,2.5
2,The Hobbit,2.5
87,Moby Dick,2.8
15,The Da Vinci Code,2.5
91,Flow,4.4
47,The Subtle Art of Not Giving a F*ck,2.3
40,Life of Pi,3.2
60,Beloved,2.7
46,How to Win Friends and Influence People,1.9
64,A Tale of Two Cities,4.4
58,Man's Search for Meaning,3.7
63,The Lord of the Rings,1.8
42,The 7 Habits of Highly Effective People,2.5
13,It,3.5
75,Crime and Punishment,1.9
63,The Intelligent Investor,4.9
83,The Odyssey,2.2
15,Blink,4.8
72,Blink,2.4
36,Crime and Punishment,2.5
92,The Prince,2.6
25,Frankenstein,3.2
72,The Giver,3.7
14,To Kill a Mockingbird,2.7
97,Life of Pi,4.3
93,To Kill a Mockingbird,1.8
31,Drive,4.7
3,The Book Thief,4.0
83,Slaughterhouse-Five,3.9
75,Can't Hurt Me,3.1
10,The Picture of Dorian Gray,3.5
18,The Art of War,1.9
69,Les Misérables,4.6
72,Things Fall Apart,4.8
20,Outliers,1.6
11,Dune,3.8
51,Pride and Prejudice,4.8
16,Moby Dick,2.5
4,The Stand,1.4
50,The Count of Monte Cristo,3.7
31,Atomic Habits,3.3
